{
  "dataDescription": "Data are for gaming tables with open sessions up to the current moment being rendered",
  "property": "COD",
  "appName": "Carded Hot Player",
  "version": "1.0.0.0",
  "postTime": "2017-01-24 13:22:14 PM",
  "data": [
    {
      "patronNo": "1128743",
      "tier": "V-SIG2",
      "location": "Table-PIT 92",
      "theo": "1000",
      "patronLastName": "Jones",
      "lastRatingTime": "14:17:53",
      "codedHost": "45112",
      "hostName": "Jon Dough",
      "booking": [
        {
          "dept": "OBS",
          "checkin": "2017-02-11",
          "checkout": "2017-02-12"
        },
        {
          "dept": "OBS",
          "checkin": "2017-02-15",
          "checkout": "2017-02-17"
        },
        {
          "dept": "CS",
          "checkin": "2017-01-24",
          "checkout": "2017-01-15"
        },
        {
          "dept": "CS",
          "checkin": "2017-03-07",
          "checkout": "2017-03-08"
        }
      ]
    },
    {
      "patronNo": "1003109",
      "tier": "V-CCG3",
      "location": "Table-PIT11",
      "theo": "4000",
      "patronLastName": "Hayes",
      "lastRatingTime": "14:31:12",
      "codedHost": "45337",
      "hostName": "May Easton",
      "booking": [
        {
          "dept": "OBS",
          "checkin": "2017-02-06",
          "checkout": "2017-02-10"
        },
        {
          "dept": "OBS",
          "checkin": "2017-02-15",
          "checkout": "2017-02-20"
        }
      ]
    },
    {
      "patronNo": "2239158",
      "tier": "SIG1",
      "location": "43",
      "theo": "200",
      "patronLastName": "Paige",
      "lastRatingTime": "13:21:44",
      "codedHost": "45112",
      "hostName": "Jon Dough",
      "booking": [
        {
          "dept": "CS",
          "checkin": "2017-02-24",
          "checkout": "2017-02-28"
        },
        {
          "dept": "OBS",
          "checkin": "2017-03-10",
          "checkout": "2017-03-12"
        }
      ]
    },
    {
      "patronNo": "177158",
      "tier": "SIG1",
      "location": "4004",
      "theo": "50",
      "patronLastName": "Palmer",
      "lastRatingTime": "11:03:06",
      "codedHost": "45112",
      "hostName": "Jon Dough",
      "booking": [
        {
          "dept": "OBS",
          "checkin": "2017-02-05",
          "checkout": "2017-02-07"
        }
      ]
    },
    {
      "patronNo": "2134133",
      "tier": "SIG1",
      "location": "4002",
      "theo": "1550",
      "patronLastName": "Kaye",
      "lastRatingTime": "13:56:27",
      "codedHost": "45112",
      "hostName": "Jon Dough",
      "booking": [
        {
          "dept": "OBS",
          "checkin": "2017-02-11",
          "checkout": "2017-02-12"
        },
        {
          "dept": "OBS",
          "checkin": "2017-02-15",
          "checkout": "2017-02-17"
        },
        {
          "dept": "CS",
          "checkin": "2017-02-24",
          "checkout": "2017-02-25"
        },
        {
          "dept": "CS",
          "checkin": "2017-03-07",
          "checkout": "2017-03-08"
        }
      ]
    },
    {
      "patronNo": "5428743",
      "tier": "V-SIG2",
      "location": "92",
      "theo": "1000",
      "patronLastName": "Warden",
      "lastRatingTime": "13:44:22",
      "codedHost": "45112",
      "hostName": "Jon Dough",
      "booking": [
        {
          "dept": "CS",
          "checkin": "2017-02-24",
          "checkout": "2017-02-15"
        },
        {
          "dept": "CS",
          "checkin": "2017-03-07",
          "checkout": "2017-03-08"
        }
      ]
    },
    {
      "patronNo": "92252",
      "tier": "V-SIG2",
      "location": "72",
      "theo": "1000",
      "patronLastName": "FXL",
      "lastRatingTime": "00:36:59",
      "codedHost": "18782",
      "hostName": "Jackie Yau",
      "booking": [
        {
          "dept": "CS",
          "checkin": "2017-03-01",
          "checkout": "2017-03-04"
        },
        {
          "dept": "OBS",
          "checkin": "2017-03-07",
          "checkout": "2017-03-08"
        }
      ]
    },
    {
      "patronNo": "391147",
      "tier": "V-CCB4",
      "location": "72",
      "theo": "25303",
      "patronLastName": "HOK",
      "lastRatingTime": "21:46:51",
      "codedHost": "11229",
      "hostName": "Eva Lun",
      "booking": [
        {
          "dept": "OBS",
          "checkin": "2017-02-24",
          "checkout": "2017-02-15"
        },
        {
          "dept": "CS",
          "checkin": "2017-03-06",
          "checkout": "2017-03-07"
        }
      ]
    },
    {
      "patronNo": "711121",
      "tier": "V-CCB3",
      "location": "68",
      "theo": "3567",
      "patronLastName": "Zuran",
      "lastRatingTime": "17:07:49",
      "codedHost": "11238",
      "hostName": "Gary Ho",
      "booking": [
        {
          "dept": "OBS",
          "checkin": "2017-02-24",
          "checkout": "2017-02-27"
        },
        {
          "dept": "OBS",
          "checkin": "2017-03-07",
          "checkout": "2017-03-08"
        }
      ]
    },
    {
      "patronNo": "828808",
      "tier": "V-CCB3",
      "location": "68",
      "theo": "3007",
      "patronLastName": "Yubs",
      "lastRatingTime": "22:24:06",
      "codedHost": "11238",
      "hostName": "Gary Ho",
      "booking": [
        {
          "dept": "CS",
          "checkin": "2017-02-26",
          "checkout": "2017-02-27"
        },
        {
          "dept": "CS",
          "checkin": "2017-03-08",
          "checkout": "2017-03-10"
        }
      ]
    },
    {
      "patronNo": "1338740",
      "tier": "V-CCB4",
      "location": "68",
      "theo": "2199",
      "patronLastName": "Williams",
      "lastRatingTime": "17:07:49",
      "codedHost": "11238",
      "hostName": "Gary Ho",
      "booking": []
    }
  ]
}