{
    // Customer module configs
    "session": {
        "redisConfig": {
            "host": "3nadh-App-redis-cluster.5twr0a.0001.apse1.cache.amazonaws.com",
            "port": 6379
        },
        "secret": "temporarysessionkey"
    },
    "expressServer":{
        "port":9000,
        "sslport": 9001
    },
    "microservices": {
        // "apiGateway": "http://localhost:3001/",
        "apiGateway":"https://3nadh-Appv2-dev-cageapi-st1.3nadh-resorts.com/api/cage/v1/",
        //"apiGateway": "http://internal-g2-dev-ge-ecselast-7hg2a20tyra7-1305743616.ap-southeast-1.elb.amazonaws.com/", //dev
        //"apiGateway": "http://internal-g2-it-api-tgame-2059463916.ap-southeast-1.elb.amazonaws.com", //sit
       //  "menuProfile":"https://3nadh-Appv2-qa-tgamesapi.3nadh-resorts.com/api/tgames/v1/g2-rbac/rbac/api/principal/resourceGroups",
       "menuProfile": "http://g2-proxy/api/proxy/v1/rbac/resourceGroups",
        "reportsMS": "http://localhost:3001/reports",
        // "userPermissionEndpoint": "https://3nadh-Appv2-qa-proxy-api.3nadh-resorts.com/api/proxy/v1/rbac/permissions",
        // "permissions": "https://3nadh-Appv2-qa-proxy-api.3nadh-resorts.com/api/proxy/v1/rbac/permissions",
        "userPermissionEndpoint": "http://g2-proxy/api/proxy/v1/rbac/permissions",
        "permissions": "http://g2-proxy/api/proxy/v1/rbac/permissions",
        "oauth": {
            "tokenURL": "https://3nadh-Appv2-qa-oauth.3nadh-resorts.com/oauth/token",
            "authorizationDigest": "Basic bWNlLWdlbXMtc2VjdXJlZDpwYXNzdzByZA==",
            "formData": {
                // Pass a simple key-value pair
                "client_id": "mce-3nadh-App-secured",
                "client_secret": "passw0rd",
                "client_scope": "write",
                "grant_type": "password",
                "username": "", // will be filled from the http request body, url encoded post body data parameter
                "password": "" // will be filled from the http request body, url encoded post body data parameter
            }
        }
    },
    "supervisorUserRoles": ["3nadh-App SUPER USER", "Corp - Table Games - Supervisor","Corp - IT Super User", "Corp - Cage - Manager", "Corp - Cage - Shift Manager"]
    ,
    "endpointDomains" : {
        "dev" : {
            "patron": "http://techrefresh-patron-mgnt-api/",
            "promotion": "http://techrefresh-promotion-api/",
            "loyalty": "http://techrefresh-loyalty-api/",
            "storage": "http://techrefresh-storage-api/",
            "voucher": "http://techrefresh-voucher-api/",
            "creditControl": "http://techrefresh-credit-api/",
            "itadmin": "http://techrefresh-itadmin-api/",
            "report": "http://techrefresh-report-api/",
            "directOffer": "http://techrefresh-directoffer-api/",
            "printing": "http://g2-proxy/",
            "cage1": "http://g2-proxy/",
            "cage2": "http://g2-proxy/",
            "cage3": "http://g2-proxy/",
            "cageStable": "http://g2-proxy/"
        },
        "sit" : {
            "patron": "http://techrefresh-patron-mgnt-api/",
            "promotion": "http://techrefresh-promotion-api/",
            "loyalty": "http://techrefresh-loyalty-api/",
            "storage": "http://techrefresh-storage-api/",
            "voucher": "http://techrefresh-voucher-api/",
            "creditControl": "http://techrefresh-credit-api/",
            "itadmin": "http://techrefresh-itadmin-api/",
            "report": "http://techrefresh-report-api/",
            "directOffer": "http://techrefresh-directoffer-api/",
            "printing": "http://g2-proxy/",
            "cage1": "http://g2-proxy/",
            "cage2": "http://g2-proxy/",
            "cage3": "http://g2-proxy/",
            "cageStable": "http://g2-proxy/"
        },
        "qa" : {
            "patron": "http://techrefresh-patron-mgnt-api/",
            "promotion": "http://techrefresh-promotion-api/",
            "loyalty": "http://techrefresh-loyalty-api/",
            "storage": "http://techrefresh-storage-api/",
            "voucher": "http://techrefresh-voucher-api/",
            "creditControl": "http://techrefresh-credit-api/",
            "itadmin": "http://techrefresh-itadmin-api/",
            "report": "http://techrefresh-report-api/",
            "directOffer": "http://techrefresh-directoffer-api/",
            "printing": "http://g2-proxy/",
            "cage1": "http://g2-proxy/",
            "cage2": "http://g2-proxy/",
            "cage3": "http://g2-proxy/",
            "cageStable": "http://g2-proxy/"
        },
        "s3dev": {
            "patron": "https://3nadh-Appv2-dev-s3-patronmgtapi.3nadh-resorts.com/",
            "promotion": "https://3nadh-Appv2-dev-promotionmgtapi.3nadh-resorts.com/",
            "loyalty": "https://3nadh-Appv2-dev-loyaltyapi.3nadh-resorts.com/",
            "storage": "https://3nadh-Appv2-dev-storageapi.3nadh-resorts.com/",
            "voucher": "https://3nadh-Appv2-dev-voucherapi.3nadh-resorts.com/",
            "creditControl": "https://3nadh-Appv2-dev-creditapi.3nadh-resorts.com/",
            "itadmin": "https://3nadh-Appv2-dev-s3-externalapi.3nadh-resorts.com/api/external/v1/",
            "report": "https://3nadh-Appv2-dev-reportapi.3nadh-resorts.com/",
            "directOffer": "https://3nadh-Appv2-dev-directofferapi.3nadh-resorts.com/",
            "printing": "https://3nadh-Appv2-sit-cageapi-st3.3nadh-resorts.com/",
            "cage1": "https://3nadh-Appv2-qa-cageapi.3nadh-resorts.com/",
            "cage2": "https://3nadh-Appv2-dev-cageapi-st1.3nadh-resorts.com/",
            "cage3": "https://3nadh-Appv2-sit-cageapi-st1.3nadh-resorts.com/",
            "cageStable": "https://3nadh-Appv2-sit-cageapi-st3.3nadh-resorts.com/"
          },
          "s3sit": {
            "patron": "https://3nadh-Appv2-sit-sss-patronmgt-api.3nadh-resorts.com/",
            "promotion": "https://3nadh-Appv2-sit-promotionmgtapi.3nadh-resorts.com/",
            "loyalty": "https://3nadh-Appv2-sit-loyaltyapi.3nadh-resorts.com/",
            "storage": "https://3nadh-Appv2-sit-storageapi.3nadh-resorts.com/",
            "voucher": "https://3nadh-Appv2-sit-voucherapi.3nadh-resorts.com/",
            "creditControl": "https://3nadh-Appv2-sit-creditapi.3nadh-resorts.com/",
            "itadmin": "https://3nadh-Appv2-sit-sss-external-api.3nadh-resorts.com/api/external/v1/",
            "report": "https://3nadh-Appv2-sit-reportapi.3nadh-resorts.com/",
            "directOffer": "https://3nadh-Appv2-sit-directofferapi.3nadh-resorts.com/",
            "printing": "https://3nadh-Appv2-qa-cageapi.3nadh-resorts.com/",
            "cage1": "https://3nadh-Appv2-qa-cageapi.3nadh-resorts.com/",
            "cage2": "https://3nadh-Appv2-dev-cageapi-st1.3nadh-resorts.com/",
            "cage3": "https://3nadh-Appv2-sit-cageapi-st1.3nadh-resorts.com/",
            "cageStable": "https://3nadh-Appv2-sit-cageapi-st3.3nadh-resorts.com/"
          },
        "prod" : {
            "patron": "http://techrefresh-patron-mgnt-api/",
            "promotion" :"http://techrefresh-promotion-api/",
            "loyalty" : "http://techrefresh-loyalty-api/",
            "storage" : "http://techrefresh-storage-api/",
            "voucher" : "http://techrefresh-voucher-api/",
            "creditControl" : "http://techrefresh-credit-api/",
            "itadmin" : "http://techrefresh-itadmin-api/",
            "report" : "http://techrefresh-report-api/",
            "directOffer" : "http://techrefresh-directoffer-api/",
            "printing" : "http://g2-printer/",
            "cage1" : "http://g2-proxy/",
            "cage2" : "http://g2-proxy/",
            "cage3" : "http://g2-proxy/",
            "cageStable" : "http://g2-proxy/"
        }
    }
}