{
    "session": {
        "redisConfig": {
            "host": "g2-marketing-prod.4oqzob.ng.0001.apse1.cache.amazonaws.com"
        },
        "secret": "temporarysessionkey"
    },
    "expressServer":{
        "port":4200
    },
    "microservices": {
        "apiGateway": "https://g2-ui-proxy.3nadh-resorts.com/",
        "menuProfile":"https://3nadh-Appv2-qa-tgamesapi.3nadh-resorts.com/api/tgames/v1/g2-rbac/rbac/api/principal/resourceGroups",
        "reportsMS": "http://localhost:3001/reports",
        "userPermissionEndpoint": "http://g2-proxy/api/cage/v1/rbac/permissions",
        "permissions": "http://g2-proxy/api/cage/v1/rbac/permissions",
        "oauth": {
            "tokenURL": "https://g2-oauth.3nadh-resorts.com/oauth/token",
            "authorizationDigest": "Basic bWNlLWdlbXMtc2VjdXJlZDpwYXNzdzByZA==",
            "formData": {
                "client_id": "mce-3nadh-App-secured",
                "client_secret": "passw0rd",
                "client_scope": "write",
                "grant_type": "password",
                "username": "",
                "password": ""
            }
        }
    },
    "supervisorUserRoles": ["3nadh-App SUPER USER", "Corp - Table Games - Supervisor","Corp - IT Super User", "Corp - Cage - Manager", "Corp - Cage - Shift Manager"]
}