{
  "project": {
    "version": "1.0.0-beta.26",
    "name": "Mobile Exec Comp"
  },
  "apps": [
    {
      "root": "src",
      "outDir": "dist",
      "assets": [
        "assets",
        "fonts",
        "favicon.ico"
      ],
      "index": "indexMApp.html",
      "main": "main.ts",
      "test": "test.ts",
      "tsconfig": "tsconfig.json",
      "prefix": "app",
      "mobile": false,
      "styles": [
        "libs/vendor/bootstrap/css/bootstrap.min.css",
        "libs/vendor/font-awesome/css/font-awesome.min.css",
         "../node_modules/primeng/resources/primeng.min.css",
        "../node_modules/primeng/resources/themes/omega/theme.css",
        "styles.css"
      ],
      "scripts": [
        "../node_modules/jquery/dist/jquery.min.js",
        "libs/vendor/bootstrap/js/bootstrap.min.js",
        "libs/js/string.js"
      ],
      "environmentSource": "environments/environment.ts",
      "environments": {
	    "source": "environments/environment.ts",
        "dev": "environments/environment.ts",
		"sit": "environments/environment.sit.ts",
		"qa": "environments/environment.qa.ts",
		"trn": "environments/environment.trn.ts",
        "prod": "environments/environment.prod.ts"
      }
    }
  ],
  "e2e": {
    "protractor": {
      "config": "./protractor.conf.js"
    }
  },
  "test": {
    "karma": {
      "config": "./karma.conf.js"
    }
  },
  "defaults": {
    "styleExt": "css",
    "prefixInterfaces": false,
    "inline": {
      "style": false,
      "template": false
    },
    "spec": {
      "class": false,
      "component": true,
      "directive": true,
      "module": false,
      "pipe": true,
      "service": true
    }
  }
}
